1-(3-(2-(1-benzothiophen-5-yl) ethoxy) propyl)-3-azetidinol maleate		therapeutic
1-(3-chlorophenyl)piperazine	6640-24-0	therapeutic
(22R, 25R)-20alpha-spirost-5-en-3beta-yl hexanoate		therapeutic
24-hydroxycholesterol	474-73-7	marker/mechanism
27-hydroxycholesterol		marker/mechanism
2-butenal	4170-30-3	marker/mechanism
3-methyl-5-(1-methyl-2-pyrrolidinyl)isoxazole	147402-53-7	therapeutic
4-(2-((1R)-1-(((4-chlorophenyl)sulfonyl)-2,5-difluoroanilino)ethyl)-5-fluorophenyl)butanoic acid		therapeutic
4-hydroxy-2-nonenal	29343-52-0	marker/mechanism
5-Methoxypsoralen	484-20-8	therapeutic
6,7-dihydroxyflavone		therapeutic
Acetylcholine	51-84-3	therapeutic
Acrolein	107-02-8	marker/mechanism
Air Pollutants		marker/mechanism
Aluminum	7429-90-5	marker/mechanism
Aluminum Chloride		marker/mechanism
Amino Acids, Peptides, and Proteins		marker/mechanism
Amphotericin B	1397-89-3	therapeutic
Androgens		therapeutic
Anti-Inflammatory Agents, Non-Steroidal		therapeutic
Apigenin	520-36-5	therapeutic
Berberine	2086-83-1	therapeutic
Biological Products		therapeutic
bisdemethoxycurcumin	24939-16-0	therapeutic
BMS 708163		therapeutic
Cadmium	7440-43-9	marker/mechanism
Cannabidiol	13956-29-1	therapeutic
Ceftriaxone	73384-59-5	therapeutic
Celecoxib		marker/mechanism
Ceramides		marker/mechanism
Cholesterol, Dietary		marker/mechanism
Cholinesterase Inhibitors		therapeutic
Clioquinol	130-26-7	therapeutic
Colchicine	64-86-8	marker/mechanism
Copper	7440-50-8	marker/mechanism
Copper Sulfate	7758-98-7	marker/mechanism
cupric chloride	7447-39-4	marker/mechanism
Curcumin	458-37-7	therapeutic
Cysteine Proteinase Inhibitors		marker/mechanism
Deferoxamine	70-51-9	therapeutic
Desmosterol	313-04-2	marker/mechanism
Dichlorodiphenyl Dichloroethylene	72-55-9	marker/mechanism
Diglycerides		marker/mechanism
Dipyridamole	58-32-2	therapeutic
Donepezil	120011-70-3	therapeutic
DP 155		therapeutic
Dronabinol		therapeutic
Ellagic Acid	476-66-4	therapeutic
entacapone	116314-67-1	therapeutic
ethylcholine aziridinium	63918-37-6	marker/mechanism
Fluorides		marker/mechanism
Fluvoxamine	54739-18-3	therapeutic
Folic Acid	59-30-3	marker/mechanism
Folic Acid	59-30-3	therapeutic
Fortasyn Connect		therapeutic
Galactose	26566-61-0	marker/mechanism
Galantamine	357-70-0	therapeutic
Ginkgo biloba extract		therapeutic
Glucocorticoids		marker/mechanism
Glucose	50-99-7	marker/mechanism
Goserelin	65807-02-5	therapeutic
Haloperidol	52-86-8	therapeutic
Heparin, Low-Molecular-Weight		therapeutic
Homocysteine	454-28-4	marker/mechanism
huperzine A	102518-79-6	therapeutic
Hydrogen Peroxide	7722-84-1	marker/mechanism
Ibotenic Acid	2552-55-8	marker/mechanism
Ibuprofen	15687-27-1	therapeutic
icariin	489-32-7	therapeutic
Indomethacin	53-86-1	therapeutic
Iron	7439-89-6	marker/mechanism
Kainic Acid	487-79-6	marker/mechanism
Kai-Xin-San		therapeutic
Kynurenine	343-65-7	marker/mechanism
Lecithins		therapeutic
Lipid Peroxides		marker/mechanism
Lithium	7439-93-2	marker/mechanism
Lithium	7439-93-2	therapeutic
Maprotiline	10262-69-8	therapeutic
Melatonin	73-31-4	therapeutic
Memantine	19982-08-2	therapeutic
Metals, Heavy		marker/mechanism
Midazolam	59467-70-8	therapeutic
Mifepristone	84371-65-3	therapeutic
Minocycline	10118-90-8	therapeutic
Molindone	7416-34-4	therapeutic
N2-((2S)-2-(3,5-difluorophenyl)-2-hydroxyethanoyl)-N1-((7S)-5-methyl-6-oxo-6,7-dihydro-5H-dibenzo(b,d)azepin-7-yl)-L-alaninamide		therapeutic
Nanotubes, Carbon		therapeutic
Niacin		therapeutic
Nicotine		therapeutic
nirogacestat		therapeutic
Nitrates		marker/mechanism
Nitric Oxide	10102-43-9	marker/mechanism
Nitrites		marker/mechanism
Nitrogen Oxides		marker/mechanism
notoginsenoside R1		therapeutic
Ozone	10028-15-6	marker/mechanism
Paroxetine	61869-08-7	therapeutic
Particulate Matter		marker/mechanism
Perphenazine	58-39-9	therapeutic
Physostigmine	57-47-6	therapeutic
physostigmine salicylate		marker/mechanism
Pindolol	13523-86-9	therapeutic
Plant Extracts		therapeutic
Plant Preparations		therapeutic
Prodigiosin	82-89-3	therapeutic
puag-haad	4721-07-7	therapeutic
Raloxifene Hydrochloride		therapeutic
Reactive Oxygen Species		marker/mechanism
Reserpine	50-55-5	therapeutic
Resveratrol		therapeutic
Rivastigmine		therapeutic
Rosiglitazone		therapeutic
Scopolamine		marker/mechanism
Serotonin	50-67-9	marker/mechanism
Sodium Fluoride	7681-49-4	marker/mechanism
Streptozocin	18883-66-4	marker/mechanism
sulindac sulfide	32004-67-4	therapeutic
Tacrine	321-64-2	therapeutic
Tadalafil		therapeutic
Thioridazine	50-52-2	therapeutic
Thiourea	62-56-6	therapeutic
tideglusib		therapeutic
Tolcapone	134308-13-7	therapeutic
Tolonium Chloride	92-31-9	therapeutic
Trazodone	19794-93-5	therapeutic
Trichlorfon	52-68-6	therapeutic
Vitamin B 12	68-19-9	marker/mechanism
Vitamin B 12	68-19-9	therapeutic
Vitamin D	1406-16-2	therapeutic
xanomeline		therapeutic
Zinc	7440-66-6	marker/mechanism